{
  "metrics": {
    "MRR@10": 0.2891882483987747,
    "nDCG@10": 0.08769436978554748
  }
}